,count,mean,std,min,25%,50%,75%,max
width,8836.0,1377.1538026256223,1313.8606746242026,13.0,130.0,720.0,3120.0,4032.0
height,8836.0,1275.09427342689,1317.8786739533048,12.0,122.0,720.0,3120.0,4032.0
aspect_ratio,8836.0,1.1616851657990042,0.402728866799526,0.268817,1.0,1.0,1.247423,3.833333
file_size_kb,8836.0,383.1037050701675,455.47535137125953,0.688,9.02525,132.2345,782.495,2591.952
